date,shortcode,format,title,artists,star_level,pairing,angle,cta,era,views,reach,shares,saves,share_rate_pct,save_rate_pct,avg_watch_s,skip_rate_pct,hours_from_nearest_reel,dm_starts,t1_t2_leads,distribution_note,permalink
2026-09-29,Dd47oNEm2Lk,carousel,"How long did Murs rap without stopping, live on Twitch, going for a Guinness World Record?",Murs,niche,solo,one-time live event,LIVE,keyword_cta,311,157,0,7,0.0,4.5,,,30.2,0,0,,https://www.instagram.com/p/Dd47oNEm2Lk/
2026-09-29,Dd4lEwznZP2,carousel,"Whose fans pay more for one copy of a record, Post Malone's or Benny the Butcher's?",Post Malone; Benny the Butcher,household,versus,premium pricing,VAULT,keyword_cta,347,177,1,2,0.6,1.1,,,26.9,0,0,,https://www.instagram.com/p/Dd4lEwznZP2/
2026-09-29,Dd39f2NkVTI,carousel,"Who has more albums out with no major label behind them, Del the Funky Homosapien or J. Cole?",Del the Funky Homosapien; J. Cole,household,versus,catalog ownership,ROYALTY,keyword_cta,640,381,2,3,0.5,0.8,,,21.2,0,0,,https://www.instagram.com/p/Dd39f2NkVTI/
2026-09-28,Dd2W1XyFYWA,carousel,"Which made more money, Snoop Dogg's billion streams or 38 Spesh's thousand records?",Snoop Dogg; 38 Spesh,household,versus,reach vs buyers,VAULT,keyword_cta,1694,987,13,12,1.3,1.2,,,6.2,0,0,,https://www.instagram.com/p/Dd2W1XyFYWA/
2026-09-28,Dd1r6a6DYEO,reel,Tobe built it. Travis bought it.,Tobe Nwigwe; Travis Scott,household,versus,built vs bought audience,FREE,keyword_cta,3009,2454,94,60,3.8,2.4,37.6,34.5,,1,0,,https://www.instagram.com/reel/Dd1r6a6DYEO/
2026-09-28,Dd1YsJflK9z,carousel,How many chapters does Noname's book club have?,Noname,niche,solo,free community,OWN,keyword_cta,291,142,6,2,4.2,1.4,,,2.9,0,0,,https://www.instagram.com/p/Dd1YsJflK9z/
2026-09-28,Ddz_xrNjYYA,carousel,How much did strangers give Lil Dicky before anybody knew who he was?,Lil Dicky,known,solo,fan funding,DEMAND,keyword_cta,930,498,6,6,1.2,1.2,,,8.2,0,0,,https://www.instagram.com/p/Ddz_xrNjYYA/
2026-09-27,DdzyDRno9dN,carousel,"How many streams did De La Soul's classic albums do in their first week on streaming, after thirty years locked off it?",De La Soul,known,solo,absent from streaming,OWN,keyword_cta,827,454,2,10,0.4,2.2,,,6.2,0,0,,https://www.instagram.com/p/DdzyDRno9dN/
2026-09-27,DdzbfZlGWK5,carousel,How much did the only copy of Wu-Tang's album sell for?,Wu-Tang Clan,household,solo,scarcity price,VAULT,keyword_cta,1011,593,5,6,0.8,1.0,,,2.9,0,0,,https://www.instagram.com/p/DdzbfZlGWK5/
2026-09-27,DdzHN8fAg4y,reel,"90,000 members or 100 million listeners",Tee Grizzley; Drake,household,versus,members vs listeners,OWN,keyword_cta,13083,10688,380,160,3.6,1.5,56.8,31.6,,15,1,,https://www.instagram.com/reel/DdzHN8fAg4y/
2026-09-27,Ddyz5mikXK-,carousel,How much was Oddisee getting paid a night back when nobody knew his name?,Oddisee,niche,solo,touring economics,TOUR,keyword_cta,750,400,3,1,0.8,0.3,,,2.8,0,0,,https://www.instagram.com/p/Ddyz5mikXK-/
2026-09-27,Ddxa_ZfiV3g,carousel,How many beats did Knxwledge say he's actually made when somebody asked him?,Knxwledge,niche,solo,unreleased catalog,VAULT,keyword_cta,1005,569,91,8,16.0,1.4,,,8.2,0,0,share spike unexplained,https://www.instagram.com/p/Ddxa_ZfiV3g/
2026-09-26,DdxNPc7lFjJ,carousel,"How many albums did Boldy James put out in 2020, with a different producer on every one?",Boldy James,niche,solo,catalog volume,VAULT,keyword_cta,2503,1454,12,35,0.8,2.4,,,6.2,2,0,,https://www.instagram.com/p/DdxNPc7lFjJ/
2026-09-26,Ddw2rtVCQQe,carousel,How many people paid Elzhi in 2013 for a record that didn't exist yet?,Elzhi,niche,solo,fan funding,DEMAND,keyword_cta,1616,898,3,13,0.3,1.4,,,2.9,0,0,,https://www.instagram.com/p/Ddw2rtVCQQe/
2026-09-26,DdwiY-DDtCY,reel,The year the indie out-earned the mogul,Tech N9ne; 50 Cent,household,versus,indie out-earns star (conversion rate),WORTH,keyword_cta,49760,38018,4011,1354,10.6,3.6,48.4,32.5,,139,13,,https://www.instagram.com/reel/DdwiY-DDtCY/
2026-09-26,DdwPGOnlN6m,carousel,How many different versions of the same album did Stove God Cooks get people to buy?,Stove God Cooks,niche,solo,product variants,DEMAND,keyword_cta,4752,3001,119,76,4.0,2.5,,,2.9,0,0,,https://www.instagram.com/p/DdwPGOnlN6m/
2026-09-26,Ddu2MbXkSGC,carousel,How much did Roc Marciano charge just to hear the album before everybody else?,Roc Marciano,niche,solo,early access price,VAULT,keyword_cta,5960,3666,57,85,1.6,2.3,,,8.2,1,0,,https://www.instagram.com/p/Ddu2MbXkSGC/
2026-09-25,DduoeHmlSU-,carousel,How many people paid Nipsey Hussle $100 for music they could already get for free?,Nipsey Hussle,household,solo,premium price on free music,VAULT,keyword_cta,23611,14293,652,507,4.6,3.5,,,6.2,18,0,,https://www.instagram.com/p/DduoeHmlSU-/
2026-09-25,Ddt9iLrCtBH,reel,90 projects or 400 copies. Who earns more?,Curren$y; Westside Gunn,known,versus,volume vs scarcity,VAULT,keyword_cta,48669,38704,2555,1167,6.6,3.0,48.8,37.7,,28,0,,https://www.instagram.com/reel/Ddt9iLrCtBH/
2026-09-25,DdtqT1-liue,carousel,How much was the $999 record everybody thought Mach-Hommy was overcharging for actually worth?,Mach-Hommy,niche,solo,premium pricing,VAULT,keyword_cta,1340,674,99,11,14.7,1.6,,,2.9,1,0,share spike unexplained,https://www.instagram.com/p/DdtqT1-liue/
2026-08-26,DcgfsQcm_MG,carousel,Open Mike Eagle charges $4 a month. Just over a thousand people pay it. How many monthly listeners would he need to make,Open Mike Eagle,niche,solo,membership math,OWN,link_in_bio,1060,455,13,4,2.9,0.9,,,722.1,,,,https://www.instagram.com/p/DcgfsQcm_MG/
2026-07-12,Das7178IDxH,carousel,A Whole Generation Couldn't Stream Aaliyah,Aaliyah,household,solo,absent from streaming,link_in_bio,link_in_bio,1177,628,7,11,1.1,1.8,,,218.9,,,,https://www.instagram.com/p/Das7178IDxH/
2026-07-09,DalGpBgIOxm,carousel,Snoop Bought A Whole Label Back To Own Doggystyle,Snoop Dogg,household,solo,masters buyback,link_in_bio,link_in_bio,1144,511,5,4,1.0,0.8,,,145.9,,,,https://www.instagram.com/p/DalGpBgIOxm/
2026-07-03,DaVtQ86oIFq,carousel,The Weeknd Built A Year Before A Label Touched Him,The Weeknd,household,solo,audience before label,link_in_bio,link_in_bio,1399,686,2,10,0.3,1.5,,,2.4,,,,https://www.instagram.com/p/DaVtQ86oIFq/
2026-07-03,DaVcn3XAm9V,reel,He Gave Away The Mixtapes And Kept The Fans,Mac Miller,known,solo,free mixtapes built fans,link_in_bio,link_in_bio,5918,4597,96,100,2.1,2.2,21.2,,,,,,https://www.instagram.com/reel/DaVcn3XAm9V/
2026-07-03,DaVUm_VG8c-,reel,You Already Have Enough People. You're Charging 0 Of Them.,,none,solo,concept: charge 1 percent,link_in_bio,link_in_bio,3682,2993,95,61,3.2,2.0,17.1,,,,,,https://www.instagram.com/reel/DaVUm_VG8c-/
2026-07-02,DaTFDiAHIMP,carousel,Frank Ocean Tricked His Label Into Freeing Him,Frank Ocean,household,solo,label exit,link_in_bio,link_in_bio,1069,546,2,13,0.4,2.4,,,1.5,,,,https://www.instagram.com/p/DaTFDiAHIMP/
2026-07-02,DaS6ukjjhxL,reel,25 Years Later That Album Still Pays. Ask Who.,Lauryn Hill,household,solo,catalog ownership (repeat),link_in_bio,link_in_bio,5578,4061,86,83,2.1,2.0,24.2,,,,,,https://www.instagram.com/reel/DaS6ukjjhxL/
2026-07-01,DaQVUycCJUX,reel,DMX Made The Hits. The Label Owns The Recordings.,DMX,household,solo,masters ownership (repeat),link_in_bio,link_in_bio,5846,4324,161,49,3.7,1.1,27.2,,,,,,https://www.instagram.com/reel/DaQVUycCJUX/
2026-07-01,DaQM1RFlijA,reel,The Label Debt That Outlives The Artist,,none,solo,explainer: recoupment after death,link_in_bio,link_in_bio,3310,2616,63,20,2.4,0.8,24.1,,,,,,https://www.instagram.com/reel/DaQM1RFlijA/
2026-06-30,DaNwhm3EvOM,reel,"He Was 19, Independent, And Debuted At #1",Mac Miller,known,solo,indie number one,link_in_bio,link_in_bio,3832,2984,310,47,10.4,1.6,22.8,,,,,,https://www.instagram.com/reel/DaNwhm3EvOM/
2026-06-30,DaNok3eks5d,reel,"10 Years, No Album, The Fans Never Left",Rihanna,household,solo,fans waited,link_in_bio,link_in_bio,4009,3298,25,34,0.8,1.0,21.8,,,,,,https://www.instagram.com/reel/DaNok3eks5d/
2026-06-29,DaLU4jbk04b,reel,Fans Pay For Access Everywhere. Just Not From You Yet.,,none,solo,concept: fans pay for access,link_in_bio,link_in_bio,1546,1314,21,17,1.6,1.3,13.9,,,,,,https://www.instagram.com/reel/DaLU4jbk04b/
2026-06-29,DaLNc2CjDgx,reel,"The Greatest Solo Album, And She Doesn't Hold It",Lauryn Hill,household,solo,catalog ownership,link_in_bio,link_in_bio,35176,25574,499,389,2.0,1.5,30.8,,,,,,https://www.instagram.com/reel/DaLNc2CjDgx/
2026-06-29,DaLDJarnMOt,reel,DMX Made Def Jam $100M And Kept A Sliver,DMX,household,solo,label take,link_in_bio,link_in_bio,70812,53960,1345,574,2.5,1.1,26.4,,,,,,https://www.instagram.com/reel/DaLDJarnMOt/
2026-06-28,DaI4t9HoJou,carousel,Chris Brown Broke The Industry.,Chris Brown,household,solo,independent release,link_in_bio,link_in_bio,1270,682,8,16,1.2,2.3,,,3.6,,,,https://www.instagram.com/p/DaI4t9HoJou/
2026-06-28,DaIf1irkXT4,reel,Masters With No Audience Is A Locked Empty Safe,,none,solo,concept: masters need audience,link_in_bio,link_in_bio,2400,1923,44,31,2.3,1.6,17.3,,,,,,https://www.instagram.com/reel/DaIf1irkXT4/
2026-06-27,DaGIoylCX7S,reel,Snoop Bought A Whole Label Back To Own Doggystyle,Snoop Dogg,household,solo,masters buyback,link_in_bio,link_in_bio,114139,113999,217,180,0.2,0.2,5.2,,,,,reposted by Snoop Dogg himself; reach came from his audience,https://www.instagram.com/reel/DaGIoylCX7S/
2026-06-27,DaGEhd2lC3V,reel,50 Cent's Smartest Deal Wasn't Music,50 Cent,household,solo,equity deal,link_in_bio,link_in_bio,4864,3589,118,51,3.3,1.4,21.6,,,,,,https://www.instagram.com/reel/DaGEhd2lC3V/
2026-06-26,DaDrpl4lU8w,reel,Drake Fixed His Label Deal & Streaming Still Pays Pennies,Drake,household,solo,label deal (repeat),link_in_bio,link_in_bio,4701,3255,33,41,1.0,1.3,23.0,,,,,,https://www.instagram.com/reel/DaDrpl4lU8w/
2026-06-26,DaDrsDbnOuX,carousel,Content Builds Crowds. Offers Pay You.,,none,solo,concept: offers pay,link_in_bio,link_in_bio,456,228,2,3,0.9,1.3,,,0.0,,,,https://www.instagram.com/p/DaDrsDbnOuX/
2026-06-26,DaDk2d3kQR2,reel,Drake Hid His Album Inside A Million Pound Block Of Ice,Drake,household,solo,album stunt (repeat),link_in_bio,link_in_bio,5086,3532,36,27,1.0,0.8,26.2,,,,,,https://www.instagram.com/reel/DaDk2d3kQR2/
2026-06-25,DaBRNomCcst,carousel,Big Sean Said Millions Went Missing.,Big Sean,known,solo,missing royalties,link_in_bio,link_in_bio,1343,713,7,12,1.0,1.7,,,21.5,,,,https://www.instagram.com/p/DaBRNomCcst/
2026-06-21,DZ23Ju9nMwg,carousel,Trinidad Got A $2M Deal And Still Owed Money.,Trinidad James,known,solo,advance debt,link_in_bio,link_in_bio,11494,13444,141,102,1.0,0.8,,,3.7,,,,https://www.instagram.com/p/DZ23Ju9nMwg/
2026-06-21,DZ2dPpplNBd,reel,Megan Signed A Deal She Couldn't Read,Megan Thee Stallion,household,solo,contract,link_in_bio,link_in_bio,3482,2350,14,20,0.6,0.9,21.1,,,,,,https://www.instagram.com/reel/DZ2dPpplNBd/
2026-06-20,DZ0IDcjEc9f,carousel,Drake's $40M Advance Vs 50K Fans.,Drake,household,solo,advance vs fans,link_in_bio,link_in_bio,5201,3010,34,37,1.1,1.2,,,21.8,,,,https://www.instagram.com/p/DZ0IDcjEc9f/
2026-06-19,DZxqIkhkeHa,carousel,Mase Got $20K For 24 Years Of Hits.,Mase,known,solo,publishing,link_in_bio,link_in_bio,1459,807,7,9,0.9,1.1,,,2.0,,,,https://www.instagram.com/p/DZxqIkhkeHa/
2026-06-19,DZxbyWkjHXT,reel,Distribution Deal Explained With Kanye And Gamma,Kanye West,household,solo,explainer: distribution deal,link_in_bio,link_in_bio,18169,12959,1068,537,8.2,4.1,20.9,,,,,,https://www.instagram.com/reel/DZxbyWkjHXT/
2026-06-18,DZvB78oHDgp,carousel,Your Fan Spends $150 A Month On Music.,,none,solo,concept: fan spend,link_in_bio,link_in_bio,673,363,2,9,0.6,2.5,,,1.5,,,,https://www.instagram.com/p/DZvB78oHDgp/
2026-06-18,DZu3jwRjqT5,reel,Drake Sued UMG While They Cashed His Catalog,Drake,household,solo,label lawsuit (repeat),link_in_bio,link_in_bio,3127,2181,36,20,1.7,0.9,22.7,,,,,,https://www.instagram.com/reel/DZu3jwRjqT5/
2026-06-14,DZk1mjXicE_,carousel,Jay-Z Fought 20 Years For His Masters.,Jay-Z,household,solo,masters ownership,link_in_bio,link_in_bio,26412,18122,231,264,1.3,1.5,,,1.5,,,,https://www.instagram.com/p/DZk1mjXicE_/
2026-06-14,DZkrYVpCiDW,reel,"1 Fan Beats 40,000 Streams",,none,solo,explainer: 1 fan vs 40k streams,link_in_bio,link_in_bio,24403,18179,1409,534,7.8,2.9,18.3,,,,,,https://www.instagram.com/reel/DZkrYVpCiDW/
2026-06-13,DZiGgG8kSod,carousel,"Kendrick Built A Company, Not A Label.",Kendrick Lamar,household,solo,company not label,link_in_bio,link_in_bio,20601,13234,324,559,2.4,4.2,,,1.5,,,,https://www.instagram.com/p/DZiGgG8kSod/
2026-06-13,DZh8JuCj0vF,reel,Drake Sued UMG Over Kendrick Streams,Drake; Kendrick Lamar,household,solo,label lawsuit (repeat),link_in_bio,link_in_bio,3931,2711,38,34,1.4,1.3,22.2,,,,,,https://www.instagram.com/reel/DZh8JuCj0vF/
2026-06-12,DZfoj0WkdnM,carousel,Same Fan. 333x More Money.,,none,solo,concept: same fan more money,link_in_bio,link_in_bio,314,176,0,4,0.0,2.3,,,0.1,,,,https://www.instagram.com/p/DZfoj0WkdnM/
2026-06-12,DZfkcZ2Dw02,reel,Wayne Sold 100M Records And Still Owed,Lil Wayne,household,solo,label debt,link_in_bio,link_in_bio,9559,6566,205,97,3.1,1.5,32.4,,,,,,https://www.instagram.com/reel/DZfkcZ2Dw02/
2026-06-11,DZdAX4kEfgQ,carousel,Distribution Deal Explained With Kanye And Gamma.,Kanye West,household,solo,explainer: distribution deal,link_in_bio,link_in_bio,638,316,6,9,1.9,2.8,,,1.5,,,,https://www.instagram.com/p/DZdAX4kEfgQ/
2026-06-11,DZc1_pMHNgH,reel,Kendrick Wrote A Hit For Interscope,Kendrick Lamar,household,solo,publishing,link_in_bio,link_in_bio,6665,4626,202,82,4.4,1.8,24.4,,,,,,https://www.instagram.com/reel/DZc1_pMHNgH/
2026-06-07,DZS0BSzCdx0,carousel,Kanye Signed Distro Not A Record Deal.,Kanye West,household,solo,explainer: distribution deal,link_in_bio,link_in_bio,30074,18385,544,378,3.0,2.1,,,1.5,,,,https://www.instagram.com/p/DZS0BSzCdx0/
2026-06-07,DZSprj8jUOD,reel,Jay-Z Fought 20 Years For His Masters,Jay-Z,household,solo,masters ownership,link_in_bio,link_in_bio,68271,47245,1436,1088,3.0,2.3,22.4,,,,,,https://www.instagram.com/reel/DZSprj8jUOD/
2026-06-06,DZQE7ftEeXP,carousel,Drake Could Make $24M From 200K Fans.,Drake,household,solo,fans math (repeat),link_in_bio,link_in_bio,780,438,3,6,0.7,1.4,,,1.5,,,,https://www.instagram.com/p/DZQE7ftEeXP/
2026-06-06,DZP6l0FAJUf,reel,"If Drake Charged 1%, He'd Fire UMG",Drake,household,solo,fans math (repeat),link_in_bio,link_in_bio,6244,4655,106,86,2.3,1.8,19.9,,,,,,https://www.instagram.com/reel/DZP6l0FAJUf/
2026-06-05,DZNnADqkbs3,carousel,Drake Had 80M Listeners And Got Paid Like A Day Job.,Drake,household,solo,streaming pay,link_in_bio,link_in_bio,925,518,4,7,0.8,1.4,,,1.5,,,,https://www.instagram.com/p/DZNnADqkbs3/
2026-06-05,DZNctsdgc-i,reel,"Drake Got A Loan, Not A Paycheck",Drake,household,solo,advance is a loan,link_in_bio,link_in_bio,204568,132607,4405,2544,3.3,1.9,31.4,,,,,,https://www.instagram.com/reel/DZNctsdgc-i/
2026-06-04,DZK-zQxjurM,carousel,"1 Fan Beats 40,000 Streams.",,none,solo,explainer: 1 fan vs 40k streams,link_in_bio,link_in_bio,323,192,2,3,1.0,1.6,,,1.5,,,,https://www.instagram.com/p/DZK-zQxjurM/
2026-06-04,DZK0bfxlcvu,reel,Drake Got Beat By His Own Label,Drake,household,solo,label deal,link_in_bio,link_in_bio,6822,5216,49,41,0.9,0.8,23.1,,,,,,https://www.instagram.com/reel/DZK0bfxlcvu/
2026-05-14,DYTT2eDMR3_,reel,Before Vs After For One Artist,,none,solo,concept,link_in_bio,pre_audience,1229,972,7,14,0.7,1.4,13.0,,,,,,https://www.instagram.com/reel/DYTT2eDMR3_/
2026-05-14,DYTSc2sMMyC,reel,100 Fans Can Change Everything,,none,solo,concept,link_in_bio,pre_audience,1110,873,18,17,2.1,1.9,26.8,,,,,,https://www.instagram.com/reel/DYTSc2sMMyC/
2026-05-11,DYN3XqcBoCT,reel,Every Artist Sells But Few Use Tiers,,none,solo,concept,link_in_bio,pre_audience,885,702,6,10,0.9,1.4,16.3,,,,,,https://www.instagram.com/reel/DYN3XqcBoCT/
2026-05-11,DYN21SIBZrF,reel,"Every Fan Spends, Just Not On You",,none,solo,concept,link_in_bio,pre_audience,787,628,7,12,1.1,1.9,15.2,,,,,,https://www.instagram.com/reel/DYN21SIBZrF/
2026-05-11,DYNxZKwByVX,reel,36 Cents vs $120,,none,solo,concept,link_in_bio,pre_audience,748,597,8,6,1.3,1.0,8.9,,,,,,https://www.instagram.com/reel/DYNxZKwByVX/
2026-05-11,DYNqjHAhtk_,reel,Streams vs Fans For Artists,,none,solo,concept,link_in_bio,pre_audience,775,625,14,8,2.2,1.3,11.0,,,,,,https://www.instagram.com/reel/DYNqjHAhtk_/
2026-05-11,DYNqEcHhfPH,reel,POV: You Made 180 In 3 Years,,none,solo,concept,link_in_bio,pre_audience,698,537,1,8,0.2,1.5,14.1,,,,,,https://www.instagram.com/reel/DYNqEcHhfPH/
2026-05-11,DYNozdKB_FR,reel,How To Get Paid Directly By Your Fans,,none,solo,concept,link_in_bio,pre_audience,765,835,46,19,5.5,2.3,48.5,,,,,,https://www.instagram.com/reel/DYNozdKB_FR/
2026-05-11,DYNn7M9meHm,carousel,$0.003 per stream is what they pay you.,,none,solo,concept,link_in_bio,pre_audience,206,128,4,5,3.1,3.9,,,0.2,,,,https://www.instagram.com/p/DYNn7M9meHm/
